"Дата";"Регион";"Заражений";"Выздоровлений";"Смертей";"Смертей за день";"Заражений за день";"Выздоровлений за день"
05.05.2020;Москва;80115;7870;816;52;5714;297
24.01.2021;Москва;913126;774550;12969;74;3069;5117
14.10.2021;Москва;1699498;1522320;29951;71;6712;3136
26.05.2020;Москва;169303;61619;2110;76;2830;8033
05.10.2021;Москва;1654476;1500434;29314;72;3827;2251
29.01.2021;Москва;925358;803642;13300;63;2799;6180
29.08.2021;Москва;1564952;1442955;27351;52;1444;1789
07.11.2020;Москва;462518;336659;7215;75;5829;3675
14.04.2020;Москва;13002;1016;95;13;1489;179
18.12.2020;Москва;722178;557028;10243;72;6937;5821
23.07.2021;Москва;1481296;1319555;24898;107;3425;7010
20.12.2021;Москва;2005710;1836874;35964;78;2630;2642
14.09.2020;Москва;271793;230397;4993;11;696;824
20.06.2021;Москва;1286570;1116739;21433;81;8305;2945
13.12.2021;Москва;1987272;1815584;35382;84;2894;3016
26.05.2021;Москва;1164017;1049246;19826;62;2416;2520
05.10.2020;Москва;307477;253944;5370;27;3537;913
27.04.2021;Москва;1085094;985769;18148;58;2098;1423
20.06.2020;Москва;212978;134549;3565;34;1057;2115
24.01.2022;Москва;2194045;1927017;38439;71;19509;3231
16.08.2020;Москва;252374;197143;4656;11;688;1045
05.03.2021;Москва;987041;907770;15297;54;1757;2249
15.10.2021;Москва;1706129;1526076;30021;70;6631;3756
23.01.2021;Москва;910057;769433;12895;64;2668;5933
04.05.2020;Москва;74401;7573;764;35;5795;544
30.01.2021;Москва;927788;809226;13368;68;2430;5584
04.10.2021;Москва;1650649;1498183;29242;66;4410;1956
27.05.2020;Москва;171443;67458;2183;73;2140;5839
06.11.2020;Москва;456689;332984;7140;69;6253;3783
30.08.2021;Москва;1566376;1444794;27401;50;1424;1839
22.07.2021;Москва;1477871;1312545;24791;102;4287;7587
19.12.2020;Москва;728637;562953;10317;74;6459;5925
15.04.2020;Москва;14776;1205;106;11;1774;189
21.06.2021;Москва;1294154;1119837;21512;79;7584;3098
13.09.2020;Москва;271097;229573;4982;14;650;900
19.12.2021;Москва;2003080;1834232;35886;81;3013;2661
06.10.2020;Москва;311559;255100;5401;31;4082;1156
25.05.2021;Москва;1161601;1046726;19764;57;2075;2208
14.12.2021;Москва;1989248;1819020;35471;89;1976;3436
19.06.2020;Москва;211921;132434;3531;48;1136;2003
28.04.2021;Москва;1086934;987457;18202;54;1840;1688
04.03.2021;Москва;985284;905521;15243;51;2150;2421
17.08.2020;Москва;253064;197962;4666;10;690;819
25.01.2022;Москва;2212980;1931016;38514;75;18935;3999
07.10.2021;Москва;1663469;1505180;29454;69;5404;2347
31.01.2021;Москва;930072;814728;13434;66;2284;5502
28.05.2020;Москва;173497;71251;2254;71;2054;3793
22.01.2021;Москва;907389;763500;12831;72;3037;5629
12.10.2021;Москва;1688376;1516617;29808;70;4699;2477
03.05.2020;Москва;68606;7029;729;34;5948;655
16.12.2020;Москва;708530;545430;10095;73;5028;5571
21.07.2021;Москва;1473584;1304958;24689;104;3254;8006
12.04.2020;Москва;10158;687;72;14;1306;188
31.08.2021;Москва;1567538;1446708;27445;44;1162;1914
09.11.2020;Москва;475166;343226;7361;72;6897;3313
28.05.2021;Москва;1170396;1055130;19940;56;3274;2998
07.10.2020;Москва;314788;256362;5442;41;3229;1262
11.12.2021;Москва;1981516;1809074;35210;86;3140;3584
12.09.2020;Москва;270447;228673;4968;12;670;1143
18.06.2021;Москва;1269145;1110399;21276;78;9056;3784
22.12.2021;Москва;2009520;1843148;36125;81;1904;3119
14.08.2020;Москва;250991;194823;4633;11;688;1350
03.03.2021;Москва;983134;903100;15192;46;1284;2065
26.01.2022;Москва;2232836;1935354;38588;74;19856;4338
29.04.2021;Москва;1090149;989411;18258;56;3215;1954
22.06.2020;Москва;215014;136670;3617;20;1068;1114
29.05.2020;Москва;175829;74725;2330;76;2332;3474
01.02.2021;Москва;932109;819611;13495;61;2037;4883
06.10.2021;Москва;1658065;1502833;29385;71;3589;2399
02.05.2020;Москва;62658;6374;695;37;5358;608
13.10.2021;Москва;1692786;1519184;29880;72;4410;2567
21.01.2021;Москва;904352;757871;12759;69;3458;5220
13.04.2020;Москва;11513;837;82;10;1355;150
20.07.2021;Москва;1470330;1296952;24585;101;3188;7968
17.12.2020;Москва;715241;551207;10171;76;6711;5777
08.11.2020;Москва;468269;339913;7289;74;5751;3254
01.09.2021;Москва;1568767;1448644;27492;47;1229;1936
12.12.2021;Москва;1984378;1812568;35298;88;2862;3494
08.10.2020;Москва;318111;257703;5497;55;3323;1341
27.05.2021;Москва;1167122;1052132;19884;58;3105;2886
21.12.2021;Москва;2007616;1840029;36044;80;1906;3155
19.06.2021;Москва;1278265;1113794;21352;76;9120;3395
11.09.2020;Москва;269777;227530;4956;9;698;1256
27.01.2022;Москва;2259422;1940819;38660;72;26586;5465
02.03.2021;Москва;981850;901035;15146;49;1277;1796
15.08.2020;Москва;251686;196098;4645;12;695;1275
21.06.2020;Москва;213946;135556;3597;32;968;1007
30.04.2021;Москва;1092811;991419;18315;57;2662;2008
12.11.2020;Москва;491542;354705;7573;71;5997;3959
20.08.2021;Москва;1551311;1423229;26872;52;1925;2599
24.07.2021;Москва;1484672;1326132;25003;105;3376;6577
05.12.2020;Москва;640050;485308;9277;74;7993;6584
16.03.2020;Москва;53;1;0;0;18;0
10.11.2021;Москва;1875820;1655912;32305;98;3927;7549
01.01.2021;Москва;815676;633702;11280;71;5907;6334
28.04.2020;Москва;48426;4130;479;44;3075;606
01.03.2021;Москва;980573;899239;15097;42;2097;1541
16.09.2021;Москва;1594121;1469620;28205;45;2479;1469
10.06.2020;Москва;199785;113533;3085;56;1195;3796
19.07.2020;Москва;233545;170539;4299;14;591;359
10.04.2021;Москва;1046226;958783;17192;53;2006;1646
30.03.2021;Москва;1025454;943201;16603;56;1291;1165
26.07.2020;Москва;237947;174721;4398;9;683;306
23.06.2021;Москва;1307243;1126965;21686;88;6534;3670
30.08.2020;Москва;261733;213205;4809;11;695;904
10.01.2022;Москва;2055824;1891175;37465;70;2778;2097
12.10.2020;Москва;334813;262750;5629;34;4395;1131
15.05.2021;Москва;1134308;1023380;19186;58;3073;2697
14.11.2021;Москва;1895162;1681439;32687;95;3734;6473
19.08.2021;Москва;1549386;1420630;26820;54;2142;2805
13.11.2020;Москва;497516;358924;7643;70;5974;4219
15.03.2020;Москва;35;1;0;0;0;1
04.12.2020;Москва;632057;478724;9203;77;6868;6891
25.07.2021;Москва;1488078;1331614;25106;103;3406;5482
29.04.2020;Москва;50646;4610;546;67;2220;480
02.01.2021;Москва;821128;639809;11356;76;5452;6107
09.11.2021;Москва;1871893;1648363;32207;95;5287;7257
09.06.2020;Москва;198590;109737;3029;59;1572;5390
17.09.2021;Москва;1596658;1470979;28247;42;2537;1359
28.02.2021;Москва;978476;897698;15055;48;1737;1819
09.04.2021;Москва;1044220;957137;17139;57;2421;1989
20.07.2020;Москва;234123;170918;4314;15;578;379
25.07.2020;Москва;237264;174415;4389;14;648;561
31.03.2021;Москва;1026740;944738;16656;53;1286;1537
11.01.2022;Москва;2060459;1893867;37533;68;4635;2692
31.08.2020;Москва;262418;214121;4821;12;685;916
22.06.2021;Москва;1300709;1123295;21598;86;6555;3458
13.11.2021;Москва;1891428;1674966;32592;97;4185;6597
16.05.2021;Москва;1137097;1025794;19242;56;2789;2414
11.10.2020;Москва;330418;261619;5595;35;4501;1186
18.03.2020;Москва;86;1;0;0;31;0
26.07.2021;Москва;1490707;1336194;25207;101;2629;4580
07.12.2020;Москва;654841;495871;9425;76;7279;5027
10.11.2020;Москва;481068;346889;7429;68;5902;3663
18.08.2021;Москва;1547244;1417825;26766;59;1590;3029
08.06.2020;Москва;197018;104347;2970;51;2001;1633
27.02.2021;Москва;976739;895879;15007;41;1825;2008
14.09.2021;Москва;1589804;1466721;28111;47;1609;1362
30.04.2020;Москва;53739;5135;611;65;3093;525
12.11.2021;Москва;1887243;1668369;32495;96;5183;6952
03.01.2021;Москва;824979;645923;11433;77;3851;6114
06.02.2022;Москва;2495891;2034827;39434;81;18856;13022
01.04.2021;Москва;1028891;946370;16707;51;2151;1632
28.07.2020;Москва;239315;175812;4421;10;674;827
17.07.2020;Москва;232376;169637;4271;13;575;682
08.04.2021;Москва;1041799;955148;17082;55;2024;1746
16.11.2021;Москва;1901557;1695190;32877;97;2606;7387
10.10.2020;Москва;325917;260433;5560;30;4105;1306
13.05.2021;Москва;1127417;1017740;19068;55;2787;2643
08.01.2022;Москва;2049772;1887020;37324;69;3072;2060
25.06.2021;Москва;1323757;1135580;21876;98;7916;4558
01.09.2020;Москва;263059;215383;4832;11;641;1262
06.12.2020;Москва;647562;490844;9349;72;7512;5536
27.07.2021;Москва;1493330;1341106;25305;98;2623;4912
17.03.2020;Москва;55;1;0;0;2;0
17.08.2021;Москва;1545654;1414796;26707;56;2006;2467
11.11.2020;Москва;485545;350746;7502;73;4477;3857
15.09.2021;Москва;1591642;1468151;28160;49;1838;1430
26.02.2021;Москва;974914;893871;14966;45;1336;2423
07.06.2020;Москва;195017;102714;2919;55;1956;2283
04.01.2021;Москва;828570;652324;11507;74;3591;6401
11.11.2021;Москва;1882060;1661417;32399;94;6240;5505
01.05.2020;Москва;57300;5766;658;47;3561;631
27.07.2020;Москва;238641;174985;4411;13;694;264
02.04.2021;Москва;1030655;947694;16764;57;1764;1324
05.02.2022;Москва;2477035;2021805;39353;82;22444;13840
07.04.2021;Москва;1039775;953402;17027;51;1585;1551
18.07.2020;Москва;232954;170180;4285;14;578;543
14.05.2021;Москва;1131235;1020683;19128;60;3818;2943
09.10.2020;Москва;321812;259127;5530;33;3701;1424
15.11.2021;Москва;1898951;1687803;32780;93;3789;6364
02.09.2020;Москва;263684;216742;4844;12;625;1359
24.06.2021;Москва;1315841;1131022;21778;92;8598;4057
09.01.2022;Москва;2053046;1889078;37395;71;3274;2058
09.09.2020;Москва;268384;224840;4933;12;642;1338
17.06.2021;Москва;1260089;1106615;21198;73;6195;3636
15.12.2021;Москва;1991707;1822086;35558;87;2459;3066
21.05.2021;Москва;1151462;1038332;19532;58;2954;2593
02.10.2020;Москва;297729;251018;5282;28;2704;1157
10.12.2021;Москва;1978376;1805490;35124;89;3477;3372
02.05.2021;Москва;1098718;994965;18428;54;2699;1617
23.06.2020;Москва;216095;139248;3643;26;1081;2578
21.08.2020;Москва;255826;202727;4710;12;690;1160
08.03.2021;Москва;991816;912146;15447;53;1421;1037
29.01.2022;Москва;2309904;1951552;38810;76;26488;5410
27.01.2021;Москва;919662;791320;13175;75;1837;5924
19.10.2021;Москва;1731937;1540144;30305;73;5700;3988
08.05.2020;Москва;98522;10259;956;51;5846;1032
08.10.2021;Москва;1668064;1507468;29525;71;4595;2288
03.02.2021;Москва;935355;829844;13634;65;1545;5221
31.05.2020;Москва;180791;80179;2477;69;2595;1855
26.08.2021;Москва;1560501;1436829;27193;54;1712;2463
02.11.2020;Москва;434205;318032;6873;53;4796;3241
15.12.2020;Москва;703502;539859;10022;77;5418;5307
18.07.2021;Москва;1463135;1281319;24381;106;4357;7283
11.04.2020;Москва;8852;499;58;8;1030;149
16.12.2021;Москва;1995029;1825126;35643;85;3322;3040
16.06.2021;Москва;1253894;1102979;21125;75;5782;3381
10.09.2020;Москва;269079;226274;4947;14;695;1434
09.12.2021;Москва;1974899;1802118;35035;92;2948;3171
01.10.2020;Москва;295025;249861;5254;24;2424;1211
22.05.2021;Москва;1154115;1040760;19592;60;2653;2428
24.06.2020;Москва;216906;141268;3657;14;811;2020
01.05.2021;Москва;1096019;993348;18374;59;3208;1929
28.01.2022;Москва;2283416;1946142;38734;74;23994;5323
09.03.2021;Москва;992882;913173;15496;49;1066;1027
20.08.2020;Москва;255136;201567;4698;11;688;1208
09.05.2020;Москва;104189;12779;1010;54;5667;2520
18.10.2021;Москва;1726237;1536156;30232;69;6823;3237
28.01.2021;Москва;922559;797462;13237;62;2897;6142
30.05.2020;Москва;178196;78324;2408;78;2367;3599
02.02.2021;Москва;933810;824623;13569;74;1701;5012
09.10.2021;Москва;1674065;1509679;29595;70;6001;2211
03.11.2020;Москва;439355;321679;6936;63;5150;3647
25.08.2021;Москва;1558789;1434366;27139;52;1402;2299
10.04.2020;Москва;7822;350;50;12;1124;37
19.07.2021;Москва;1467142;1288984;24484;103;4007;7665
14.12.2020;Москва;698084;534552;9945;75;5874;4932
08.12.2021;Москва;1971951;1798947;34943;90;3004;3007
23.05.2021;Москва;1157039;1042788;19648;56;2924;2028
04.10.2020;Москва;303940;253031;5343;29;3327;944
17.12.2021;Москва;1997784;1828635;35726;83;2755;3509
07.09.2020;Москва;267047;222252;4905;14;690;882
15.06.2021;Москва;1248112;1099598;21050;71;6805;3045
31.01.2022;Москва;2357351;1962382;38962;75;23417;5805
19.08.2020;Москва;254448;200359;4687;10;691;1242
06.03.2021;Москва;988861;909692;15347;50;1820;1922
04.05.2021;Москва;1103403;997957;18547;61;2050;1584
25.06.2020;Москва;217791;142194;3669;12;885;926
02.06.2020;Москва;185374;88269;2624;71;2286;6030
10.10.2021;Москва;1678675;1511856;29667;72;4610;2177
05.02.2021;Москва;939482;839832;13772;71;2032;4664
06.05.2020;Москва;85973;8458;866;50;5858;588
25.01.2021;Москва;915508;779824;13030;61;2382;5274
17.10.2021;Москва;1719414;1532919;30163;70;6740;3206
09.04.2020;Москва;6698;313;38;7;857;43
13.12.2020;Москва;692210;529620;9870;72;6425;4841
16.07.2021;Москва;1454217;1266393;24173;105;5382;8032
28.08.2021;Москва;1563508;1441166;27299;55;1498;2040
04.11.2020;Москва;445181;325531;7004;68;5826;3852
03.10.2020;Москва;300613;252087;5314;32;2884;1069
24.05.2021;Москва;1159526;1044518;19707;59;2487;1730
07.12.2021;Москва;1968947;1795940;34853;94;2573;2969
14.06.2021;Москва;1241307;1096553;20979;72;6590;2815
08.09.2020;Москва;267742;223502;4921;16;695;1250
18.12.2021;Москва;2000067;1831571;35805;79;2283;2936
07.03.2021;Москва;990395;911109;15394;47;1534;1417
18.08.2020;Москва;253757;199117;4677;11;693;1155
30.01.2022;Москва;2333934;1956577;38887;77;24030;5025
26.06.2020;Москва;218604;144191;3694;25;813;1997
03.05.2021;Москва;1101353;996373;18486;58;2635;1408
04.02.2021;Москва;937450;835168;13701;67;2095;5324
11.10.2021;Москва;1683677;1514140;29738;71;5002;2284
01.06.2020;Москва;183088;82239;2553;76;2297;2060
16.10.2021;Москва;1712674;1529713;30093;72;6545;3637
26.01.2021;Москва;917825;785396;13100;70;2317;5572
07.05.2020;Москва;92676;9227;905;39;6703;769
17.07.2021;Москва;1458778;1274036;24275;102;4561;7643
12.12.2020;Москва;685785;524779;9798;76;6622;5890
08.04.2020;Москва;5841;270;31;0;660;48
05.11.2020;Москва;450436;329201;7071;67;5255;3670
27.08.2021;Москва;1562010;1439126;27244;51;1509;2297
16.07.2020;Москва;231801;168955;4258;24;531;1145
05.04.2021;Москва;1036443;950658;16922;50;1876;815
03.02.2022;Москва;2429572;1994160;39192;76;26904;12359
27.03.2021;Москва;1020673;940041;16446;54;1551;1368
21.07.2020;Москва;234725;171771;4331;17;602;853
15.01.2022;Москва;2082224;1905315;37807;68;6555;2877
26.06.2021;Москва;1332214;1139840;21972;96;8457;4260
04.09.2020;Москва;265066;219095;4867;10;692;1196
17.11.2021;Москва;1904523;1702667;32973;96;2966;7477
15.10.2020;Москва;347946;268423;5796;57;3942;1953
20.05.2021;Москва;1148508;1035739;19474;55;3312;2877
14.03.2020;Москва;35;0;0;0;9;0
17.11.2020;Москва;522456;377131;7933;74;5882;5274
23.08.2021;Москва;1556282;1429919;27031;53;1458;2006
19.03.2020;Москва;98;1;0;0;12;0
29.07.2021;Москва;1499131;1351297;25477;79;3356;5060
08.12.2020;Москва;660073;501403;9496;71;5232;5532
25.04.2020;Москва;39509;3047;366;41;2612;312
05.11.2021;Москва;1849769;1624648;31821;93;6407;6024
29.12.2020;Москва;798098;615396;11064;75;5641;5626
05.06.2020;Москва;191069;97358;2806;57;1855;2643
24.02.2021;Москва;972172;889356;14874;43;1417;1719
13.09.2021;Москва;1588195;1465359;28064;41;2022;1259
06.04.2021;Москва;1038190;951851;16976;54;1747;1193
15.07.2020;Москва;231270;167810;4234;29;628;1844
22.07.2020;Москва;235363;172939;4350;19;638;1168
26.03.2021;Москва;1019122;938673;16392;55;1813;1551
04.02.2022;Москва;2454591;2007965;39271;79;25019;13805
03.09.2020;Москва;264374;217899;4857;13;690;1157
27.06.2021;Москва;1338937;1143858;22086;114;6723;4018
14.01.2022;Москва;2075669;1902438;37739;69;5712;2888
19.05.2021;Москва;1145196;1032862;19419;61;2096;2663
16.10.2020;Москва;352995;270226;5850;54;5049;1803
18.11.2021;Москва;1908585;1709871;33067;94;4062;7204
24.08.2021;Москва;1557387;1432067;27087;56;1105;2148
16.11.2020;Москва;516574;371857;7859;72;6360;4244
13.03.2020;Москва;26;0;0;0;5;0
09.12.2020;Москва;665218;507149;9571;75;5145;5746
28.07.2021;Москва;1495775;1346237;25398;93;2445;5131
20.03.2020;Москва;131;5;0;0;33;4
28.12.2020;Москва;792457;609770;10989;76;6253;5166
06.11.2021;Москва;1856649;1630606;31919;98;6880;5958
24.04.2020;Москва;36897;2735;325;37;2957;287
12.09.2021;Москва;1586173;1464100;28023;42;1592;1247
25.02.2021;Москва;973578;891448;14921;47;1406;2092
06.06.2020;Москва;193061;100431;2864;58;1992;3073
29.03.2021;Москва;1024163;942036;16547;49;1612;844
23.07.2020;Москва;235971;173392;4364;14;608;453
01.02.2022;Москва;2378884;1970326;39038;76;21533;7944
14.07.2020;Москва;230642;165966;4205;37;613;1012
03.04.2021;Москва;1032666;948845;16816;52;2011;1151
13.10.2020;Москва;339431;264500;5687;58;4618;1750
18.05.2021;Москва;1143100;1030199;19358;59;2430;2364
19.11.2021;Москва;1911956;1716433;33162;95;3371;6562
28.06.2021;Москва;1346183;1148291;22210;124;7246;4433
06.09.2020;Москва;266357;221370;4891;13;620;963
13.01.2022;Москва;2069957;1899550;37670;71;5490;2857
31.07.2021;Москва;1506126;1360030;25626;73;3514;4159
10.12.2020;Москва;671948;512969;9645;74;6730;5820
21.03.2020;Москва;137;8;0;0;6;3
15.11.2020;Москва;510214;367613;7787;75;6271;4266
21.08.2021;Москва;1553163;1425773;26927;55;1852;2544
12.03.2020;Москва;21;0;0;0;21;0
22.02.2021;Москва;969557;886273;14782;41;1723;1658
11.09.2021;Москва;1584581;1462853;27981;46;1940;1317
03.06.2020;Москва;187216;91654;2685;61;1842;3385
07.11.2021;Москва;1861624;1635844;32015;96;4975;5238
31.12.2020;Москва;809769;627368;11209;73;6566;6076
27.04.2020;Москва;45351;3524;435;31;2871;349
02.02.2022;Москва;2402668;1981801;39116;78;23784;11475
24.07.2020;Москва;236616;173854;4375;11;645;462
28.03.2021;Москва;1022551;941192;16498;52;1878;1151
04.04.2021;Москва;1034567;949843;16872;56;1901;998
13.07.2020;Москва;230029;164954;4168;25;672;394
20.11.2021;Москва;1915195;1722920;33255;93;3239;6487
17.05.2021;Москва;1140670;1027835;19299;57;3573;2041
14.10.2020;Москва;344004;266470;5739;52;4573;1970
12.01.2022;Москва;2064467;1896693;37599;66;4008;2826
05.09.2020;Москва;265737;220407;4878;11;671;1312
29.06.2021;Москва;1352392;1153145;22331;121;6209;4854
22.03.2020;Москва;191;8;0;0;54;0
11.12.2020;Москва;679163;518889;9722;77;7215;5920
30.07.2021;Москва;1502612;1355871;25553;76;3481;4574
22.08.2021;Москва;1554824;1427913;26978;51;1661;2140
14.11.2020;Москва;503943;363347;7712;69;6427;4423
04.06.2020;Москва;189214;94715;2749;64;1998;3061
10.09.2021;Москва;1582641;1461536;27935;48;1566;1443
23.02.2021;Москва;970755;887637;14831;49;1198;1364
26.04.2020;Москва;42480;3175;404;38;2971;128
30.12.2020;Москва;803203;621292;11136;72;5105;5896
08.11.2021;Москва;1866606;1641106;32112;97;4982;5262
19.04.2020;Москва;24324;1763;176;28;3570;84
30.10.2021;Москва;1809788;1588697;31248;97;7267;5506
08.01.2021;Москва;848452;680759;11799;71;5027;7067
11.06.2020;Москва;201221;115769;3138;53;1436;2236
14.02.2021;Москва;956178;869869;14348;58;1559;2089
19.09.2021;Москва;1601780;1473474;28347;49;2376;1215
23.11.2020;Москва;560579;410641;8379;71;6866;5064
13.08.2021;Москва;1537888;1404879;26482;59;2529;3043
29.03.2020;Москва;1014;28;6;1;197;10
08.08.2021;Москва;1527200;1389595;26189;63;2761;3052
02.12.2020;Москва;617439;464984;9053;75;5191;6575
05.01.2022;Москва;2040649;1880499;37116;71;2307;2648
06.07.2021;Москва;1399830;1194207;23115;114;5498;6019
29.08.2020;Москва;261038;212301;4798;12;677;1393
27.11.2021;Москва;1937409;1760697;33917;96;3430;5116
21.10.2020;Москва;377017;279973;6121;63;4389;2365
10.05.2021;Москва;1119284;1010652;18893;56;2896;1976
06.07.2020;Москва;225545;157652;3975;22;685;632
11.04.2021;Москва;1048316;960171;17248;56;2090;1388
21.03.2021;Москва;1011463;931296;16128;50;1511;1371
31.07.2020;Москва;241359;179168;4460;14;695;1260
07.01.2021;Москва;843425;673692;11728;76;4871;7410
31.10.2021;Москва;1817391;1593747;31342;94;7603;5050
18.04.2020;Москва;20754;1679;148;21;2649;162
18.09.2021;Москва;1599404;1472259;28298;51;2746;1280
15.02.2021;Москва;957996;871836;14404;56;1818;1967
12.06.2020;Москва;202935;118024;3187;49;1714;2255
14.08.2021;Москва;1540205;1407723;26539;57;2317;2844
22.11.2020;Москва;553713;405577;8308;75;6575;5245
03.12.2020;Москва;625189;471833;9126;73;7750;6849
07.08.2021;Москва;1524439;1386543;26126;67;2235;3576
30.03.2020;Москва;1226;28;6;0;212;0
28.08.2020;Москва;260361;210908;4786;10;654;1280
07.07.2021;Москва;1405451;1200695;23219;104;5621;6488
04.01.2022;Москва;2038342;1877851;37045;68;1967;2274
09.05.2021;Москва;1116388;1008676;18837;58;2828;2134
22.10.2020;Москва;381430;282492;6187;66;4413;2519
28.11.2021;Москва;1940495;1764835;34012;95;3086;4138
12.04.2021;Москва;1050149;961392;17302;54;1833;1221
05.07.2020;Москва;224860;157020;3953;24;650;561
01.08.2020;Москва;242049;180581;4473;13;690;1413
20.03.2021;Москва;1009952;929925;16078;54;1728;1769
16.02.2021;Москва;959405;873898;14464;60;1409;2062
21.09.2021;Москва;1606175;1475997;28447;52;1926;1300
13.06.2020;Москва;204428;119558;3231;44;1493;1534
28.10.2021;Москва;1795010;1578057;31058;95;8440;5232
06.01.2021;Москва;838554;666282;11652;70;5142;7206
17.04.2020;Москва;18105;1517;127;14;1959;123
06.08.2021;Москва;1522204;1382967;26059;65;2583;4043
30.11.2020;Москва;605724;452184;8902;74;6511;5073
27.03.2020;Москва;703;18;3;1;157;3
25.11.2020;Москва;571102;422189;8530;75;4685;5947
15.08.2021;Москва;1542159;1410177;26597;58;1954;2454
23.10.2020;Москва;386908;285271;6249;62;5478;2779
12.05.2021;Москва;1124630;1015097;19013;59;2718;2394
25.11.2021;Москва;1930050;1750445;33727;92;3349;5161
04.07.2021;Москва;1387775;1182540;22895;111;7624;5747
27.08.2020;Москва;259707;209628;4776;12;637;1435
07.01.2022;Москва;2046700;1884960;37255;72;3694;2223
19.03.2021;Москва;1008224;928156;16024;51;1809;1902
29.07.2020;Москва;239986;176437;4434;13;671;625
08.07.2020;Москва;226795;160913;4027;28;621;1195
13.04.2021;Москва;1051931;963086;17360;58;1782;1694
14.06.2020;Москва;205905;121691;3281;50;1477;2133
20.09.2021;Москва;1604249;1474697;28395;48;2469;1223
17.02.2021;Москва;960687;876141;14523;59;1282;2243
16.04.2020;Москва;16146;1394;113;7;1370;189
05.01.2021;Москва;833412;659076;11582;75;4842;6752
29.10.2021;Москва;1802521;1583191;31151;93;7511;5134
28.03.2020;Москва;817;18;5;2;114;0
01.12.2020;Москва;612248;458409;8978;76;6524;6225
05.08.2021;Москва;1519621;1378924;25994;68;3227;4477
16.08.2021;Москва;1543648;1412329;26651;54;1489;2152
24.11.2020;Москва;566417;416242;8455;76;5838;5601
26.11.2021;Москва;1933979;1755581;33821;94;3929;5136
11.05.2021;Москва;1121912;1012703;18954;61;2628;2051
24.10.2020;Москва;391361;287910;6312;63;4453;2639
06.01.2022;Москва;2043006;1882737;37183;67;2357;2238
26.08.2020;Москва;259070;208193;4764;11;640;1389
05.07.2021;Москва;1394332;1188188;23001;106;6557;5648
30.07.2020;Москва;240664;177908;4446;12;678;1471
18.03.2021;Москва;1006415;926254;15973;48;1934;1760
14.04.2021;Москва;1053768;964837;17412;52;1837;1751
07.07.2020;Москва;226174;159718;3999;24;629;2066
05.09.2021;Москва;1575355;1454400;27696;48;1542;1158
27.10.2020;Москва;405352;296474;6503;61;4312;3269
21.12.2020;Москва;743697;572541;10469;75;7797;4798
08.07.2021;Москва;1411491;1207500;23328;109;6040;6805
01.04.2020;Москва;1880;115;16;5;267;45
17.01.2021;Москва;891648;739340;12468;67;4012;4612
25.10.2021;Москва;1774707;1564430;30786;83;7778;3892
14.05.2020;Москва;130716;23327;1290;58;4712;1821
02.10.2021;Москва;1641945;1494342;29111;67;4032;2116
13.02.2021;Москва;954619;867780;14290;67;1963;2680
25.05.2020;Москва;166473;53586;2034;41;2560;3746
26.04.2021;Москва;1082996;984346;18090;55;2687;1125
03.07.2020;Москва;223530;154839;3904;34;659;1591
11.08.2020;Москва;248922;191598;4599;14;694;1043
14.03.2021;Москва;1000394;920388;15764;55;1905;1110
23.01.2022;Москва;2174536;1923786;38368;73;17528;2815
15.09.2020;Москва;272523;231483;5006;13;730;1086
07.06.2021;Москва;1201273;1077914;20528;59;3266;1568
25.12.2021;Москва;2017422;1852320;36349;72;2714;3108
31.05.2021;Москва;1179970;1062465;20115;55;2614;1877
26.09.2020;Москва;283760;244006;5146;17;1792;1123
30.11.2021;Москва;1946717;1772354;34202;97;2788;3816
28.10.2020;Москва;409022;300051;6578;75;3670;3577
04.09.2021;Москва;1573813;1453242;27648;55;1549;1356
31.03.2020;Москва;1613;70;11;5;387;42
09.07.2021;Москва;1418134;1214731;23430;102;6643;7231
20.12.2020;Москва;735900;567743;10394;77;7263;4790
15.05.2020;Москва;135464;24562;1358;68;4748;1235
24.10.2021;Москва;1766929;1560538;30703;84;5279;3817
18.01.2021;Москва;895327;743349;12541;73;3679;4009
24.05.2020;Москва;163913;49840;1993;59;2516;2427
12.02.2021;Москва;952656;865100;14223;63;2139;3184
03.10.2021;Москва;1646239;1496227;29176;65;4294;1885
04.07.2020;Москва;224210;156459;3929;25;680;1620
25.04.2021;Москва;1080309;983221;18035;53;2526;1339
22.01.2022;Москва;2157008;1920971;38295;69;16094;3025
15.03.2021;Москва;1001747;921424;15815;51;1353;1036
10.08.2020;Москва;248228;190555;4585;13;694;898
26.12.2021;Москва;2019602;1855083;36420;71;2180;2763
06.06.2021;Москва;1198007;1076346;20469;61;2936;1741
16.09.2020;Москва;273273;232706;5016;10;750;1223
29.11.2021;Москва;1943929;1768538;34105;93;3434;3703
25.09.2020;Москва;281968;242883;5129;14;1560;1227
01.06.2021;Москва;1183639;1064858;20177;62;3669;2393
03.04.2020;Москва;2923;168;20;1;448;28
23.12.2020;Москва;756586;582772;10613;73;5652;5228
10.07.2021;Москва;1423828;1221766;23538;108;5694;7035
03.09.2021;Москва;1572264;1451886;27593;50;1633;1556
25.10.2020;Москва;395816;290524;6380;68;4455;2614
23.05.2020;Москва;161397;47413;1934;67;3190;3831
30.09.2021;Москва;1633920;1490037;28980;62;3998;2237
11.02.2021;Москва;950517;861916;14160;61;2040;3558
16.05.2020;Москва;138969;26032;1432;74;3505;1470
19.01.2021;Москва;898442;747881;12625;84;3115;4532
27.10.2021;Москва;1786570;1572825;30963;91;5789;4471
21.01.2022;Москва;2140914;1917946;38226;72;15987;2313
13.08.2020;Москва;250303;193473;4622;11;692;787
16.03.2021;Москва;1003280;922899;15872;57;1533;1475
24.04.2021;Москва;1077783;981882;17982;59;2541;1879
01.07.2020;Москва;222209;152193;3831;35;611;1796
02.12.2021;Москва;1953279;1779716;34388;92;3805;3634
29.05.2021;Москва;1173637;1058041;20001;61;3241;2911
24.09.2020;Москва;280408;241656;5115;15;1050;1304
23.12.2021;Москва;2012582;1846440;36202;77;3062;3292
17.09.2020;Москва;274003;234029;5025;9;730;1323
09.06.2021;Москва;1209214;1082243;20648;58;4124;2311
11.07.2021;Москва;1429238;1228601;23648;110;5410;6835
22.12.2020;Москва;750934;577544;10540;71;7237;5003
02.04.2020;Москва;2475;140;19;3;595;25
26.10.2020;Москва;401040;293205;6442;62;5224;2681
02.09.2021;Москва;1570631;1450330;27543;51;1864;1686
10.02.2021;Москва;948477;858358;14099;68;1441;3633
01.10.2021;Москва;1637913;1492226;29044;64;3993;2189
22.05.2020;Москва;158207;43582;1867;73;2988;2900
26.10.2021;Москва;1780781;1568354;30872;86;6074;3924
20.01.2021;Москва;900894;752651;12690;65;2452;4770
17.05.2020;Москва;142824;27490;1503;71;3855;1458
17.03.2021;Москва;1004481;924494;15925;53;1201;1595
12.08.2020;Москва;249611;192686;4611;12;689;1088
20.01.2022;Москва;2124927;1915633;38154;70;11557;2307
02.07.2020;Москва;222871;153248;3870;39;662;1055
23.04.2021;Москва;1075242;980003;17923;57;2502;2123
23.09.2020;Москва;279358;240352;5100;16;970;1226
30.05.2021;Москва;1177356;1060588;20060;59;3719;2547
01.12.2021;Москва;1949474;1776082;34296;94;2757;3728
08.06.2021;Москва;1205090;1079932;20590;62;3817;2018
18.09.2020;Москва;274808;235136;5033;8;805;1107
24.12.2021;Москва;2014708;1849212;36277;75;2126;2772
03.07.2021;Москва;1380151;1176793;22784;116;7446;5869
24.08.2020;Москва;257749;205649;4741;10;625;863
31.12.2021;Москва;2030744;1868696;36771;69;2739;2726
18.10.2020;Москва;362253;273881;5958;52;4610;1654
05.05.2021;Москва;1105835;999742;18603;56;2432;1785
24.11.2021;Москва;1926701;1745284;33635;93;2533;5393
09.07.2020;Москва;227363;162086;4059;32;568;1173
16.04.2021;Москва;1058699;968682;17528;57;2476;1901
24.03.2021;Москва;1015522;935400;16288;53;1431;1593
05.08.2020;Москва;244784;184969;4521;11;687;1329
04.11.2021;Москва;1843362;1618624;31728;97;6305;6633
11.01.2021;Москва;862214;701790;12025;75;4646;6684
22.04.2020;Москва;31981;2267;261;28;2548;210
19.02.2021;Москва;964609;880767;14631;53;1972;2112
22.09.2021;Москва;1608166;1477350;28497;50;1991;1353
16.06.2020;Москва;208680;126114;3386;52;1416;2874
18.11.2020;Москва;526630;382634;8009;76;4174;5503
10.08.2021;Москва;1530989;1395285;26309;61;1639;3072
03.08.2021;Москва;1513892;1370145;25850;71;1952;3759
29.11.2020;Москва;599213;447111;8828;72;6798;5576
26.03.2020;Москва;546;15;2;0;136;1
01.01.2022;Москва;2033216;1871054;36838;67;2472;2358
25.08.2020;Москва;258430;206804;4753;12;681;1155
02.07.2021;Москва;1372705;1170924;22668;112;6893;6271
23.11.2021;Москва;1924168;1739891;33542;96;2749;5351
06.05.2021;Москва;1107949;1001798;18662;59;2114;2056
17.10.2020;Москва;357643;272227;5906;56;4648;2001
15.04.2021;Москва;1056223;966781;17471;59;2455;1944
10.07.2020;Москва;228000;163093;4087;28;637;1007
04.08.2020;Москва;244097;183640;4510;12;691;1456
25.03.2021;Москва;1017309;937122;16337;49;1787;1722
23.04.2020;Москва;33940;2448;288;27;1959;181
12.01.2021;Москва;867215;708568;12097;72;5001;6778
03.11.2021;Москва;1837057;1611991;31631;95;6827;6628
15.06.2020;Москва;207264;123240;3334;53;1359;1549
23.09.2021;Москва;1611611;1478681;28551;54;3445;1331
18.02.2021;Москва;962637;878655;14578;55;1950;2514
09.08.2021;Москва;1529350;1392213;26248;59;2150;2618
19.11.2020;Москва;533068;388416;8082;73;6438;5782
25.03.2020;Москва;410;14;2;2;120;5
28.11.2020;Москва;592415;441535;8756;76;7320;6633
04.08.2021;Москва;1516394;1374447;25926;76;2502;4302
22.11.2021;Москва;1921419;1734540;33446;94;2786;5539
20.10.2020;Москва;372628;277608;6058;49;4999;1960
07.05.2021;Москва;1110795;1004060;18722;60;2846;2262
02.01.2022;Москва;2035040;1873286;36907;69;1824;2232
01.07.2021;Москва;1365812;1164653;22556;108;7597;5934
22.08.2020;Москва;256513;203821;4720;10;687;1094
22.03.2021;Москва;1013049;932428;16184;56;1586;1132
03.08.2020;Москва;243406;182184;4498;13;693;842
11.07.2020;Москва;228678;164095;4116;29;678;1002
18.04.2021;Москва;1063773;971557;17639;53;2252;1237
18.06.2020;Москва;210785;130431;3483;49;1040;2046
21.02.2021;Москва;967834;884615;14741;52;1602;1807
24.09.2021;Москва;1614504;1479958;28607;56;2893;1277
20.04.2020;Москва;26350;1838;204;28;2026;75
02.11.2021;Москва;1830230;1605363;31536;98;5736;6359
09.01.2021;Москва;853352;688061;11873;74;4900;7302
24.03.2020;Москва;290;9;0;0;28;0
01.08.2021;Москва;1508610;1363505;25704;78;2484;3475
27.11.2020;Москва;585095;434902;8680;77;7918;6484
20.11.2020;Москва;539970;394252;8159;77;6902;5836
12.08.2021;Москва;1535359;1401836;26423;56;2294;3329
08.05.2021;Москва;1113560;1006542;18779;57;2765;2482
19.10.2020;Москва;367629;275648;6009;51;5376;1767
21.11.2021;Москва;1918633;1729001;33352;97;3438;6081
23.08.2020;Москва;257124;204786;4731;11;611;965
30.06.2021;Москва;1358215;1158719;22448;117;5823;5574
03.01.2022;Москва;2036375;1875577;36977;70;1335;2291
02.08.2020;Москва;242713;181342;4485;12;664;761
23.03.2021;Москва;1014091;933807;16235;51;1042;1379
17.04.2021;Москва;1061521;970320;17586;58;2822;1638
12.07.2020;Москва;229357;164560;4143;27;679;465
25.09.2021;Москва;1617715;1481203;28670;63;3211;1245
20.02.2021;Москва;966232;882808;14689;58;1623;2041
17.06.2020;Москва;209745;128385;3434;48;1065;2271
10.01.2021;Москва;857568;695106;11950;77;4216;7045
01.11.2021;Москва;1824494;1599004;31438;96;7103;5257
21.04.2020;Москва;29433;2057;233;29;3083;219
26.11.2020;Москва;577177;428418;8603;73;6075;6229
02.08.2021;Москва;1511940;1366386;25779;75;3330;2881
23.03.2020;Москва;262;9;0;0;71;1
11.08.2021;Москва;1533065;1398507;26367;58;2076;3222
21.11.2020;Москва;547138;400332;8233;74;7168;6080
21.04.2021;Москва;1070036;975973;17812;58;1988;1744
30.06.2020;Москва;221598;150397;3796;35;745;2295
18.01.2022;Москва;2104575;1911329;38013;69;8342;1838
06.08.2020;Москва;245468;186223;4534;13;684;1254
11.03.2021;Москва;995279;916204;15601;54;1281;1578
30.12.2021;Москва;2028005;1865970;36702;71;2661;2495
20.09.2020;Москва;276493;236947;5057;13;860;892
10.06.2021;Москва;1214459;1084914;20711;63;5245;2671
03.12.2021;Москва;1956583;1783316;34483;95;3304;3600
05.06.2021;Москва;1195071;1074605;20408;56;2897;2180
29.09.2020;Москва;290293;247301;5203;23;2300;1227
08.09.2021;Москва;1579274;1458632;27835;48;1269;1513
01.11.2020;Москва;429409;314791;6820;52;5261;3341
04.04.2020;Москва;3357;194;27;7;434;26
24.12.2020;Москва;764789;588280;10689;76;8203;5508
13.07.2021;Москва;1439632;1242987;23858;103;4991;7290
11.05.2020;Москва;115909;17822;1124;56;6169;4032
14.01.2021;Москва;877428;722487;12241;68;5893;7049
20.10.2021;Москва;1737784;1544301;30381;76;5847;4157
20.05.2020;Москва;152306;36936;1726;75;2699;5440
29.09.2021;Москва;1629922;1487800;28918;65;3004;1938
08.02.2021;Москва;945452;851171;13958;62;1728;3349
29.06.2020;Москва;220853;148102;3761;23;782;1007
22.04.2021;Москва;1072740;977880;17866;54;2704;1907
10.03.2021;Москва;993998;914626;15547;51;1116;1453
07.08.2020;Москва;246154;187576;4546;12;686;1353
19.01.2022;Москва;2113370;1913326;38084;71;8795;1997
11.06.2021;Москва;1220312;1087975;20771;60;5853;3061
19.09.2020;Москва;275633;236055;5044;11;825;919
29.12.2021;Москва;2025344;1863475;36631;70;1798;2653
30.09.2020;Москва;292601;248650;5230;27;2308;1349
04.06.2021;Москва;1192174;1072425;20352;58;2817;2318
04.12.2021;Москва;1959939;1787034;34576;93;3356;3718
31.10.2020;Москва;424148;311450;6768;55;4952;3634
09.09.2021;Москва;1581075;1460093;27887;52;1801;1461
12.07.2021;Москва;1434641;1235697;23755;107;5403;7096
25.12.2020;Москва;772104;593939;10763;74;7315;5659
05.04.2020;Москва;3893;198;29;2;536;4
21.10.2021;Москва;1745681;1548573;30458;77;7897;4272
13.01.2021;Москва;871535;715438;12173;76;4320;6870
10.05.2020;Москва;109740;13790;1068;58;5551;1011
09.02.2021;Москва;947036;854725;14031;73;1584;3554
28.09.2021;Москва;1626918;1485862;28853;63;2541;1886
21.05.2020;Москва;155219;40682;1794;68;2913;3746
08.08.2020;Москва;246845;188854;4560;14;691;1278
13.03.2021;Москва;998489;919278;15709;52;1600;1469
16.01.2022;Москва;2088704;1907686;37877;70;6480;2371
19.04.2021;Москва;1066052;972646;17698;59;2279;1089
28.06.2020;Москва;220071;147095;3738;24;717;1052
03.06.2021;Москва;1189357;1070107;20294;57;2876;2682
27.09.2020;Москва;285776;245132;5164;18;2016;1126
05.12.2021;Москва;1963240;1790218;34668;92;3301;3184
22.09.2020;Москва;278388;239126;5084;15;980;1191
12.06.2021;Москва;1227013;1090700;20838;67;6701;2725
28.12.2021;Москва;2023546;1860822;36561;73;1705;3111
26.12.2020;Москва;779584;599541;10840;77;7480;5602
15.07.2021;Москва;1448835;1258361;24068;101;5237;7855
06.04.2020;Москва;4484;206;29;0;591;8
06.09.2021;Москва;1576818;1455678;27742;46;1463;1278
30.10.2020;Москва;419196;307816;6713;69;5268;3985
27.09.2021;Москва;1624377;1483976;28790;61;3387;1560
06.02.2021;Москва;941696;844165;13832;60;2214;4333
18.05.2020;Москва;146062;28913;1580;77;3238;1423
16.01.2021;Москва;887636;734728;12401;79;4674;5639
22.10.2021;Москва;1753847;1552735;30537;79;8166;4162
13.05.2020;Москва;126004;21506;1232;53;4703;1864
17.01.2022;Москва;2096233;1909491;37944;67;7529;1805
12.03.2021;Москва;996889;917809;15657;56;1610;1605
09.08.2020;Москва;247534;189657;4572;12;689;803
27.06.2020;Москва;219354;146043;3714;20;750;1852
20.04.2021;Москва;1068048;974229;17754;56;1996;1583
06.12.2021;Москва;1966374;1792971;34759;91;3134;2753
28.09.2020;Москва;287993;246074;5180;16;2217;942
02.06.2021;Москва;1186481;1067425;20237;60;2842;2567
27.12.2021;Москва;2021841;1857711;36488;68;2239;2628
13.06.2021;Москва;1234717;1093738;20907;69;7704;3038
21.09.2020;Москва;277408;237935;5069;12;915;988
07.04.2020;Москва;5181;222;31;2;697;16
14.07.2021;Москва;1443598;1250506;23967;109;3966;7519
27.12.2020;Москва;786204;604604;10913;73;6620;5063
29.10.2020;Москва;413928;303831;6644;66;4906;3780
07.09.2021;Москва;1578005;1457119;27787;45;1187;1441
19.05.2020;Москва;149607;31496;1651;71;3545;2583
07.02.2021;Москва;943724;847822;13896;64;2028;3657
26.09.2021;Москва;1620990;1482416;28729;59;3275;1213
12.05.2020;Москва;121301;19642;1179;55;5392;1820
23.10.2021;Москва;1761650;1556721;30619;82;7803;3986
15.01.2021;Москва;882962;729089;12322;81;5534;6602